"Group","Text","From","FirstSeenFile","Voice","RawFile","FilteredFile"
"Traffic","Is this really necessary?","$npc_name_decorate:#name=Bascule;","Journal.2026-06-13T201903.01.log","john.onnx","C:\Thrustmaster\Common\Piper\ATCChatter\ATC_Traffic_john_fd3e807959f10c90.wav","C:\Thrustmaster\Common\Piper\ATCChatter_Filtered\ATC_Traffic_john_fd3e807959f10c90.wav"
"Traffic","Is this really necessary?","$npc_name_decorate:#name=Bascule;","Journal.2026-06-13T201903.01.log","kristin.onnx","C:\Thrustmaster\Common\Piper\ATCChatter\ATC_Traffic_kristin_4834f5cc3673c825.wav","C:\Thrustmaster\Common\Piper\ATCChatter_Filtered\ATC_Traffic_kristin_4834f5cc3673c825.wav"
"Traffic","Is this really necessary?","$npc_name_decorate:#name=Bascule;","Journal.2026-06-13T201903.01.log","kusal.onnx","C:\Thrustmaster\Common\Piper\ATCChatter\ATC_Traffic_kusal_0e87dd4f744bf40c.wav","C:\Thrustmaster\Common\Piper\ATCChatter_Filtered\ATC_Traffic_kusal_0e87dd4f744bf40c.wav"
"Traffic","Is this really necessary?","$npc_name_decorate:#name=Bascule;","Journal.2026-06-13T201903.01.log","lessac.onnx","C:\Thrustmaster\Common\Piper\ATCChatter\ATC_Traffic_lessac_939ed9649cfdf4da.wav","C:\Thrustmaster\Common\Piper\ATCChatter_Filtered\ATC_Traffic_lessac_939ed9649cfdf4da.wav"
"Traffic","Is this really necessary?","$npc_name_decorate:#name=Bascule;","Journal.2026-06-13T201903.01.log","michelle.onnx","C:\Thrustmaster\Common\Piper\ATCChatter\ATC_Traffic_michelle_51deb679333cb450.wav","C:\Thrustmaster\Common\Piper\ATCChatter_Filtered\ATC_Traffic_michelle_51deb679333cb450.wav"
"Traffic","Is this really necessary?","$npc_name_decorate:#name=Bascule;","Journal.2026-06-13T201903.01.log","norman.onnx","C:\Thrustmaster\Common\Piper\ATCChatter\ATC_Traffic_norman_32e7d5b56058134a.wav","C:\Thrustmaster\Common\Piper\ATCChatter_Filtered\ATC_Traffic_norman_32e7d5b56058134a.wav"
"Traffic","Is this really necessary?","$npc_name_decorate:#name=Bascule;","Journal.2026-06-13T201903.01.log","ryan.onnx","C:\Thrustmaster\Common\Piper\ATCChatter\ATC_Traffic_ryan_c02c5837249b80b8.wav","C:\Thrustmaster\Common\Piper\ATCChatter_Filtered\ATC_Traffic_ryan_c02c5837249b80b8.wav"
"Traffic","Is this really necessary?","$npc_name_decorate:#name=Bascule;","Journal.2026-06-13T201903.01.log","semaine.onnx","C:\Thrustmaster\Common\Piper\ATCChatter\ATC_Traffic_semaine_9cb0e5eb9e53c253.wav","C:\Thrustmaster\Common\Piper\ATCChatter_Filtered\ATC_Traffic_semaine_9cb0e5eb9e53c253.wav"
"Traffic","Location running dry, heading home.","$npc_name_decorate:#name=Kari Koskinen;","Journal.2026-06-13T211126.01.log","john.onnx","C:\Thrustmaster\Common\Piper\ATCChatter\ATC_Traffic_john_99f34a5ee3b19acb.wav","C:\Thrustmaster\Common\Piper\ATCChatter_Filtered\ATC_Traffic_john_99f34a5ee3b19acb.wav"
"Traffic","Location running dry, heading home.","$npc_name_decorate:#name=Kari Koskinen;","Journal.2026-06-13T211126.01.log","kristin.onnx","C:\Thrustmaster\Common\Piper\ATCChatter\ATC_Traffic_kristin_69f06d1f99a13254.wav","C:\Thrustmaster\Common\Piper\ATCChatter_Filtered\ATC_Traffic_kristin_69f06d1f99a13254.wav"
"Traffic","Location running dry, heading home.","$npc_name_decorate:#name=Kari Koskinen;","Journal.2026-06-13T211126.01.log","kusal.onnx","C:\Thrustmaster\Common\Piper\ATCChatter\ATC_Traffic_kusal_ac9791cfbea7fea6.wav","C:\Thrustmaster\Common\Piper\ATCChatter_Filtered\ATC_Traffic_kusal_ac9791cfbea7fea6.wav"
"Traffic","Location running dry, heading home.","$npc_name_decorate:#name=Kari Koskinen;","Journal.2026-06-13T211126.01.log","lessac.onnx","C:\Thrustmaster\Common\Piper\ATCChatter\ATC_Traffic_lessac_6ee3b8e18c9a95af.wav","C:\Thrustmaster\Common\Piper\ATCChatter_Filtered\ATC_Traffic_lessac_6ee3b8e18c9a95af.wav"
"Traffic","Location running dry, heading home.","$npc_name_decorate:#name=Kari Koskinen;","Journal.2026-06-13T211126.01.log","michelle.onnx","C:\Thrustmaster\Common\Piper\ATCChatter\ATC_Traffic_michelle_ccfff80303b03f3e.wav","C:\Thrustmaster\Common\Piper\ATCChatter_Filtered\ATC_Traffic_michelle_ccfff80303b03f3e.wav"
"Traffic","Location running dry, heading home.","$npc_name_decorate:#name=Kari Koskinen;","Journal.2026-06-13T211126.01.log","norman.onnx","C:\Thrustmaster\Common\Piper\ATCChatter\ATC_Traffic_norman_4684ce5277d09bb5.wav","C:\Thrustmaster\Common\Piper\ATCChatter_Filtered\ATC_Traffic_norman_4684ce5277d09bb5.wav"
"Traffic","Location running dry, heading home.","$npc_name_decorate:#name=Kari Koskinen;","Journal.2026-06-13T211126.01.log","ryan.onnx","C:\Thrustmaster\Common\Piper\ATCChatter\ATC_Traffic_ryan_a48855a14dce808f.wav","C:\Thrustmaster\Common\Piper\ATCChatter_Filtered\ATC_Traffic_ryan_a48855a14dce808f.wav"
"Traffic","Location running dry, heading home.","$npc_name_decorate:#name=Kari Koskinen;","Journal.2026-06-13T211126.01.log","semaine.onnx","C:\Thrustmaster\Common\Piper\ATCChatter\ATC_Traffic_semaine_7eba83d7fab3b92a.wav","C:\Thrustmaster\Common\Piper\ATCChatter_Filtered\ATC_Traffic_semaine_7eba83d7fab3b92a.wav"
"Traffic","The rumour was right... good job I found you first.","$npc_name_decorate:#name=M. Boesen;","Journal.2026-06-13T211126.01.log","john.onnx","C:\Thrustmaster\Common\Piper\ATCChatter\ATC_Traffic_john_735acecc26d04a3a.wav","C:\Thrustmaster\Common\Piper\ATCChatter_Filtered\ATC_Traffic_john_735acecc26d04a3a.wav"
"Traffic","The rumour was right... good job I found you first.","$npc_name_decorate:#name=M. Boesen;","Journal.2026-06-13T211126.01.log","kristin.onnx","C:\Thrustmaster\Common\Piper\ATCChatter\ATC_Traffic_kristin_a06fdc5d3934fcdd.wav","C:\Thrustmaster\Common\Piper\ATCChatter_Filtered\ATC_Traffic_kristin_a06fdc5d3934fcdd.wav"
"Traffic","The rumour was right... good job I found you first.","$npc_name_decorate:#name=M. Boesen;","Journal.2026-06-13T211126.01.log","kusal.onnx","C:\Thrustmaster\Common\Piper\ATCChatter\ATC_Traffic_kusal_d2742b5a4462e584.wav","C:\Thrustmaster\Common\Piper\ATCChatter_Filtered\ATC_Traffic_kusal_d2742b5a4462e584.wav"
"Traffic","The rumour was right... good job I found you first.","$npc_name_decorate:#name=M. Boesen;","Journal.2026-06-13T211126.01.log","lessac.onnx","C:\Thrustmaster\Common\Piper\ATCChatter\ATC_Traffic_lessac_c98c14a00c51ea2e.wav","C:\Thrustmaster\Common\Piper\ATCChatter_Filtered\ATC_Traffic_lessac_c98c14a00c51ea2e.wav"
"Traffic","The rumour was right... good job I found you first.","$npc_name_decorate:#name=M. Boesen;","Journal.2026-06-13T211126.01.log","michelle.onnx","C:\Thrustmaster\Common\Piper\ATCChatter\ATC_Traffic_michelle_131597bdc209ea0d.wav","C:\Thrustmaster\Common\Piper\ATCChatter_Filtered\ATC_Traffic_michelle_131597bdc209ea0d.wav"
"Traffic","The rumour was right... good job I found you first.","$npc_name_decorate:#name=M. Boesen;","Journal.2026-06-13T211126.01.log","norman.onnx","C:\Thrustmaster\Common\Piper\ATCChatter\ATC_Traffic_norman_53655239e628578f.wav","C:\Thrustmaster\Common\Piper\ATCChatter_Filtered\ATC_Traffic_norman_53655239e628578f.wav"
"Traffic","The rumour was right... good job I found you first.","$npc_name_decorate:#name=M. Boesen;","Journal.2026-06-13T211126.01.log","ryan.onnx","C:\Thrustmaster\Common\Piper\ATCChatter\ATC_Traffic_ryan_3010a55ba36174ae.wav","C:\Thrustmaster\Common\Piper\ATCChatter_Filtered\ATC_Traffic_ryan_3010a55ba36174ae.wav"
"Traffic","The rumour was right... good job I found you first.","$npc_name_decorate:#name=M. Boesen;","Journal.2026-06-13T211126.01.log","semaine.onnx","C:\Thrustmaster\Common\Piper\ATCChatter\ATC_Traffic_semaine_94399d2366c2da04.wav","C:\Thrustmaster\Common\Piper\ATCChatter_Filtered\ATC_Traffic_semaine_94399d2366c2da04.wav"
"Traffic","Scanners are for the weak! Time to die!","$npc_name_decorate:#name=Rowland Jones;","Journal.2026-06-13T211126.01.log","john.onnx","C:\Thrustmaster\Common\Piper\ATCChatter\ATC_Traffic_john_2164deafe803ec7f.wav","C:\Thrustmaster\Common\Piper\ATCChatter_Filtered\ATC_Traffic_john_2164deafe803ec7f.wav"
"Traffic","Scanners are for the weak! Time to die!","$npc_name_decorate:#name=Rowland Jones;","Journal.2026-06-13T211126.01.log","kristin.onnx","C:\Thrustmaster\Common\Piper\ATCChatter\ATC_Traffic_kristin_f34d6cace440cf6a.wav","C:\Thrustmaster\Common\Piper\ATCChatter_Filtered\ATC_Traffic_kristin_f34d6cace440cf6a.wav"
"Traffic","Scanners are for the weak! Time to die!","$npc_name_decorate:#name=Rowland Jones;","Journal.2026-06-13T211126.01.log","kusal.onnx","C:\Thrustmaster\Common\Piper\ATCChatter\ATC_Traffic_kusal_95ff6a8dd56cbe5e.wav","C:\Thrustmaster\Common\Piper\ATCChatter_Filtered\ATC_Traffic_kusal_95ff6a8dd56cbe5e.wav"
"Traffic","Scanners are for the weak! Time to die!","$npc_name_decorate:#name=Rowland Jones;","Journal.2026-06-13T211126.01.log","lessac.onnx","C:\Thrustmaster\Common\Piper\ATCChatter\ATC_Traffic_lessac_15107a49730c0a4c.wav","C:\Thrustmaster\Common\Piper\ATCChatter_Filtered\ATC_Traffic_lessac_15107a49730c0a4c.wav"
"Traffic","Scanners are for the weak! Time to die!","$npc_name_decorate:#name=Rowland Jones;","Journal.2026-06-13T211126.01.log","michelle.onnx","C:\Thrustmaster\Common\Piper\ATCChatter\ATC_Traffic_michelle_b2a598167b92d3db.wav","C:\Thrustmaster\Common\Piper\ATCChatter_Filtered\ATC_Traffic_michelle_b2a598167b92d3db.wav"
"Traffic","Scanners are for the weak! Time to die!","$npc_name_decorate:#name=Rowland Jones;","Journal.2026-06-13T211126.01.log","norman.onnx","C:\Thrustmaster\Common\Piper\ATCChatter\ATC_Traffic_norman_a8f05c1845649c58.wav","C:\Thrustmaster\Common\Piper\ATCChatter_Filtered\ATC_Traffic_norman_a8f05c1845649c58.wav"
"Traffic","Scanners are for the weak! Time to die!","$npc_name_decorate:#name=Rowland Jones;","Journal.2026-06-13T211126.01.log","ryan.onnx","C:\Thrustmaster\Common\Piper\ATCChatter\ATC_Traffic_ryan_8ef4fedba33de9dc.wav","C:\Thrustmaster\Common\Piper\ATCChatter_Filtered\ATC_Traffic_ryan_8ef4fedba33de9dc.wav"
"Traffic","Scanners are for the weak! Time to die!","$npc_name_decorate:#name=Rowland Jones;","Journal.2026-06-13T211126.01.log","semaine.onnx","C:\Thrustmaster\Common\Piper\ATCChatter\ATC_Traffic_semaine_5e7986647954d6b5.wav","C:\Thrustmaster\Common\Piper\ATCChatter_Filtered\ATC_Traffic_semaine_5e7986647954d6b5.wav"
"Station","An ally like you is always welcome here.","Orbital Construction Site: The Kennel","Journal.2026-06-13T211126.01.log","alan.onnx","C:\Thrustmaster\Common\Piper\ATCChatter\ATC_Station_alan_e739560f3b25a59b.wav","C:\Thrustmaster\Common\Piper\ATCChatter_Filtered\ATC_Station_alan_e739560f3b25a59b.wav"
"Station","An ally like you is always welcome here.","Orbital Construction Site: The Kennel","Journal.2026-06-13T211126.01.log","alba.onnx","C:\Thrustmaster\Common\Piper\ATCChatter\ATC_Station_alba_ca1d0b0b03204369.wav","C:\Thrustmaster\Common\Piper\ATCChatter_Filtered\ATC_Station_alba_ca1d0b0b03204369.wav"
"Station","An ally like you is always welcome here.","Orbital Construction Site: The Kennel","Journal.2026-06-13T211126.01.log","amy.onnx","C:\Thrustmaster\Common\Piper\ATCChatter\ATC_Station_amy_ec26a30f7b9f007e.wav","C:\Thrustmaster\Common\Piper\ATCChatter_Filtered\ATC_Station_amy_ec26a30f7b9f007e.wav"
"Station","An ally like you is always welcome here.","Orbital Construction Site: The Kennel","Journal.2026-06-13T211126.01.log","aru.onnx","C:\Thrustmaster\Common\Piper\ATCChatter\ATC_Station_aru_3c011557b57f695a.wav","C:\Thrustmaster\Common\Piper\ATCChatter_Filtered\ATC_Station_aru_3c011557b57f695a.wav"
"Station","An ally like you is always welcome here.","Orbital Construction Site: The Kennel","Journal.2026-06-13T211126.01.log","barbera.onnx","C:\Thrustmaster\Common\Piper\ATCChatter\ATC_Station_barbera_5bde1340aae724a8.wav","C:\Thrustmaster\Common\Piper\ATCChatter_Filtered\ATC_Station_barbera_5bde1340aae724a8.wav"
"Station","An ally like you is always welcome here.","Orbital Construction Site: The Kennel","Journal.2026-06-13T211126.01.log","bill.onnx","C:\Thrustmaster\Common\Piper\ATCChatter\ATC_Station_bill_8cf591561a37efca.wav","C:\Thrustmaster\Common\Piper\ATCChatter_Filtered\ATC_Station_bill_8cf591561a37efca.wav"
"Station","An ally like you is always welcome here.","Orbital Construction Site: The Kennel","Journal.2026-06-13T211126.01.log","bob.onnx","C:\Thrustmaster\Common\Piper\ATCChatter\ATC_Station_bob_7661b004b03d1dd1.wav","C:\Thrustmaster\Common\Piper\ATCChatter_Filtered\ATC_Station_bob_7661b004b03d1dd1.wav"
"Station","An ally like you is always welcome here.","Orbital Construction Site: The Kennel","Journal.2026-06-13T211126.01.log","bryce.onnx","C:\Thrustmaster\Common\Piper\ATCChatter\ATC_Station_bryce_0ff3626da862d2d1.wav","C:\Thrustmaster\Common\Piper\ATCChatter_Filtered\ATC_Station_bryce_0ff3626da862d2d1.wav"
"Traffic","You've scratched my paint!","$npc_name_decorate:#name=Rowland Jones;","Journal.2026-06-13T211126.01.log","john.onnx","C:\Thrustmaster\Common\Piper\ATCChatter\ATC_Traffic_john_d611d754770d33ad.wav","C:\Thrustmaster\Common\Piper\ATCChatter_Filtered\ATC_Traffic_john_d611d754770d33ad.wav"
"Traffic","You've scratched my paint!","$npc_name_decorate:#name=Rowland Jones;","Journal.2026-06-13T211126.01.log","kristin.onnx","C:\Thrustmaster\Common\Piper\ATCChatter\ATC_Traffic_kristin_569452b5eccccb54.wav","C:\Thrustmaster\Common\Piper\ATCChatter_Filtered\ATC_Traffic_kristin_569452b5eccccb54.wav"
"Traffic","You've scratched my paint!","$npc_name_decorate:#name=Rowland Jones;","Journal.2026-06-13T211126.01.log","kusal.onnx","C:\Thrustmaster\Common\Piper\ATCChatter\ATC_Traffic_kusal_ab611738bfdfd4cd.wav","C:\Thrustmaster\Common\Piper\ATCChatter_Filtered\ATC_Traffic_kusal_ab611738bfdfd4cd.wav"
"Traffic","You've scratched my paint!","$npc_name_decorate:#name=Rowland Jones;","Journal.2026-06-13T211126.01.log","lessac.onnx","C:\Thrustmaster\Common\Piper\ATCChatter\ATC_Traffic_lessac_7b89945e611483e6.wav","C:\Thrustmaster\Common\Piper\ATCChatter_Filtered\ATC_Traffic_lessac_7b89945e611483e6.wav"
"Traffic","You've scratched my paint!","$npc_name_decorate:#name=Rowland Jones;","Journal.2026-06-13T211126.01.log","michelle.onnx","C:\Thrustmaster\Common\Piper\ATCChatter\ATC_Traffic_michelle_38a12c19c4cbcd3e.wav","C:\Thrustmaster\Common\Piper\ATCChatter_Filtered\ATC_Traffic_michelle_38a12c19c4cbcd3e.wav"
"Traffic","You've scratched my paint!","$npc_name_decorate:#name=Rowland Jones;","Journal.2026-06-13T211126.01.log","norman.onnx","C:\Thrustmaster\Common\Piper\ATCChatter\ATC_Traffic_norman_574e7e4529dd540c.wav","C:\Thrustmaster\Common\Piper\ATCChatter_Filtered\ATC_Traffic_norman_574e7e4529dd540c.wav"
"Traffic","You've scratched my paint!","$npc_name_decorate:#name=Rowland Jones;","Journal.2026-06-13T211126.01.log","ryan.onnx","C:\Thrustmaster\Common\Piper\ATCChatter\ATC_Traffic_ryan_14dfcbb072dfa1c6.wav","C:\Thrustmaster\Common\Piper\ATCChatter_Filtered\ATC_Traffic_ryan_14dfcbb072dfa1c6.wav"
"Traffic","You've scratched my paint!","$npc_name_decorate:#name=Rowland Jones;","Journal.2026-06-13T211126.01.log","semaine.onnx","C:\Thrustmaster\Common\Piper\ATCChatter\ATC_Traffic_semaine_775beff84aa006e5.wav","C:\Thrustmaster\Common\Piper\ATCChatter_Filtered\ATC_Traffic_semaine_775beff84aa006e5.wav"
"Traffic","This data is amazing! I can't wait to study it when we get back.","$npc_name_decorate:#name=Volker Hohenadl;","Journal.2026-06-13T201903.01.log","john.onnx","C:\Thrustmaster\Common\Piper\ATCChatter\ATC_Traffic_john_a7f0755df644c7a6.wav","C:\Thrustmaster\Common\Piper\ATCChatter_Filtered\ATC_Traffic_john_a7f0755df644c7a6.wav"
"Traffic","This data is amazing! I can't wait to study it when we get back.","$npc_name_decorate:#name=Volker Hohenadl;","Journal.2026-06-13T201903.01.log","kristin.onnx","C:\Thrustmaster\Common\Piper\ATCChatter\ATC_Traffic_kristin_c1294161bfb5aa50.wav","C:\Thrustmaster\Common\Piper\ATCChatter_Filtered\ATC_Traffic_kristin_c1294161bfb5aa50.wav"
"Traffic","This data is amazing! I can't wait to study it when we get back.","$npc_name_decorate:#name=Volker Hohenadl;","Journal.2026-06-13T201903.01.log","kusal.onnx","C:\Thrustmaster\Common\Piper\ATCChatter\ATC_Traffic_kusal_5fd60d30a2fd226a.wav","C:\Thrustmaster\Common\Piper\ATCChatter_Filtered\ATC_Traffic_kusal_5fd60d30a2fd226a.wav"
"Traffic","This data is amazing! I can't wait to study it when we get back.","$npc_name_decorate:#name=Volker Hohenadl;","Journal.2026-06-13T201903.01.log","lessac.onnx","C:\Thrustmaster\Common\Piper\ATCChatter\ATC_Traffic_lessac_afad730801106e2e.wav","C:\Thrustmaster\Common\Piper\ATCChatter_Filtered\ATC_Traffic_lessac_afad730801106e2e.wav"
"Traffic","This data is amazing! I can't wait to study it when we get back.","$npc_name_decorate:#name=Volker Hohenadl;","Journal.2026-06-13T201903.01.log","michelle.onnx","C:\Thrustmaster\Common\Piper\ATCChatter\ATC_Traffic_michelle_5a36c390c235b15c.wav","C:\Thrustmaster\Common\Piper\ATCChatter_Filtered\ATC_Traffic_michelle_5a36c390c235b15c.wav"
"Traffic","This data is amazing! I can't wait to study it when we get back.","$npc_name_decorate:#name=Volker Hohenadl;","Journal.2026-06-13T201903.01.log","norman.onnx","C:\Thrustmaster\Common\Piper\ATCChatter\ATC_Traffic_norman_06cb7fc0c5c6f292.wav","C:\Thrustmaster\Common\Piper\ATCChatter_Filtered\ATC_Traffic_norman_06cb7fc0c5c6f292.wav"
"Traffic","This data is amazing! I can't wait to study it when we get back.","$npc_name_decorate:#name=Volker Hohenadl;","Journal.2026-06-13T201903.01.log","ryan.onnx","C:\Thrustmaster\Common\Piper\ATCChatter\ATC_Traffic_ryan_01ddafc6245c57d0.wav","C:\Thrustmaster\Common\Piper\ATCChatter_Filtered\ATC_Traffic_ryan_01ddafc6245c57d0.wav"
"Traffic","This data is amazing! I can't wait to study it when we get back.","$npc_name_decorate:#name=Volker Hohenadl;","Journal.2026-06-13T201903.01.log","semaine.onnx","C:\Thrustmaster\Common\Piper\ATCChatter\ATC_Traffic_semaine_b63a8c1c68666998.wav","C:\Thrustmaster\Common\Piper\ATCChatter_Filtered\ATC_Traffic_semaine_b63a8c1c68666998.wav"
"Traffic","Die!","$npc_name_decorate:#name=M. Boesen;","Journal.2026-06-13T211126.01.log","john.onnx","C:\Thrustmaster\Common\Piper\ATCChatter\ATC_Traffic_john_ee6e25b4c6527997.wav","C:\Thrustmaster\Common\Piper\ATCChatter_Filtered\ATC_Traffic_john_ee6e25b4c6527997.wav"
"Traffic","Die!","$npc_name_decorate:#name=M. Boesen;","Journal.2026-06-13T211126.01.log","kristin.onnx","C:\Thrustmaster\Common\Piper\ATCChatter\ATC_Traffic_kristin_b23b1122d90a8765.wav","C:\Thrustmaster\Common\Piper\ATCChatter_Filtered\ATC_Traffic_kristin_b23b1122d90a8765.wav"
"Traffic","Die!","$npc_name_decorate:#name=M. Boesen;","Journal.2026-06-13T211126.01.log","kusal.onnx","C:\Thrustmaster\Common\Piper\ATCChatter\ATC_Traffic_kusal_d7007f3903057f79.wav","C:\Thrustmaster\Common\Piper\ATCChatter_Filtered\ATC_Traffic_kusal_d7007f3903057f79.wav"
"Traffic","Die!","$npc_name_decorate:#name=M. Boesen;","Journal.2026-06-13T211126.01.log","lessac.onnx","C:\Thrustmaster\Common\Piper\ATCChatter\ATC_Traffic_lessac_74cf7024cb65a96e.wav","C:\Thrustmaster\Common\Piper\ATCChatter_Filtered\ATC_Traffic_lessac_74cf7024cb65a96e.wav"
"Traffic","Die!","$npc_name_decorate:#name=M. Boesen;","Journal.2026-06-13T211126.01.log","michelle.onnx","C:\Thrustmaster\Common\Piper\ATCChatter\ATC_Traffic_michelle_701dfe4d048f4daf.wav","C:\Thrustmaster\Common\Piper\ATCChatter_Filtered\ATC_Traffic_michelle_701dfe4d048f4daf.wav"
"Traffic","Die!","$npc_name_decorate:#name=M. Boesen;","Journal.2026-06-13T211126.01.log","norman.onnx","C:\Thrustmaster\Common\Piper\ATCChatter\ATC_Traffic_norman_7463b7b7cbf6f12f.wav","C:\Thrustmaster\Common\Piper\ATCChatter_Filtered\ATC_Traffic_norman_7463b7b7cbf6f12f.wav"
"Traffic","Die!","$npc_name_decorate:#name=M. Boesen;","Journal.2026-06-13T211126.01.log","ryan.onnx","C:\Thrustmaster\Common\Piper\ATCChatter\ATC_Traffic_ryan_04554f32c4978257.wav","C:\Thrustmaster\Common\Piper\ATCChatter_Filtered\ATC_Traffic_ryan_04554f32c4978257.wav"
"Traffic","Die!","$npc_name_decorate:#name=M. Boesen;","Journal.2026-06-13T211126.01.log","semaine.onnx","C:\Thrustmaster\Common\Piper\ATCChatter\ATC_Traffic_semaine_9c01f84cbefe7bf8.wav","C:\Thrustmaster\Common\Piper\ATCChatter_Filtered\ATC_Traffic_semaine_9c01f84cbefe7bf8.wav"
"Traffic","Can we hurry this up please, officer?","$npc_name_decorate:#name=Martin Wittek;","Journal.2026-06-13T211126.01.log","john.onnx","C:\Thrustmaster\Common\Piper\ATCChatter\ATC_Traffic_john_10ff189fc75f2249.wav","C:\Thrustmaster\Common\Piper\ATCChatter_Filtered\ATC_Traffic_john_10ff189fc75f2249.wav"
"Traffic","Can we hurry this up please, officer?","$npc_name_decorate:#name=Martin Wittek;","Journal.2026-06-13T211126.01.log","kristin.onnx","C:\Thrustmaster\Common\Piper\ATCChatter\ATC_Traffic_kristin_3c63ccd5e2363423.wav","C:\Thrustmaster\Common\Piper\ATCChatter_Filtered\ATC_Traffic_kristin_3c63ccd5e2363423.wav"
"Traffic","Can we hurry this up please, officer?","$npc_name_decorate:#name=Martin Wittek;","Journal.2026-06-13T211126.01.log","kusal.onnx","C:\Thrustmaster\Common\Piper\ATCChatter\ATC_Traffic_kusal_8bcf200a8f658bc4.wav","C:\Thrustmaster\Common\Piper\ATCChatter_Filtered\ATC_Traffic_kusal_8bcf200a8f658bc4.wav"
"Traffic","Can we hurry this up please, officer?","$npc_name_decorate:#name=Martin Wittek;","Journal.2026-06-13T211126.01.log","lessac.onnx","C:\Thrustmaster\Common\Piper\ATCChatter\ATC_Traffic_lessac_e6ec2fa159ee6ea5.wav","C:\Thrustmaster\Common\Piper\ATCChatter_Filtered\ATC_Traffic_lessac_e6ec2fa159ee6ea5.wav"
"Traffic","Can we hurry this up please, officer?","$npc_name_decorate:#name=Martin Wittek;","Journal.2026-06-13T211126.01.log","michelle.onnx","C:\Thrustmaster\Common\Piper\ATCChatter\ATC_Traffic_michelle_e3504a542ed90972.wav","C:\Thrustmaster\Common\Piper\ATCChatter_Filtered\ATC_Traffic_michelle_e3504a542ed90972.wav"
"Traffic","Can we hurry this up please, officer?","$npc_name_decorate:#name=Martin Wittek;","Journal.2026-06-13T211126.01.log","norman.onnx","C:\Thrustmaster\Common\Piper\ATCChatter\ATC_Traffic_norman_75d453f480ef582f.wav","C:\Thrustmaster\Common\Piper\ATCChatter_Filtered\ATC_Traffic_norman_75d453f480ef582f.wav"
"Traffic","Can we hurry this up please, officer?","$npc_name_decorate:#name=Martin Wittek;","Journal.2026-06-13T211126.01.log","ryan.onnx","C:\Thrustmaster\Common\Piper\ATCChatter\ATC_Traffic_ryan_a58e23b679b8a7da.wav","C:\Thrustmaster\Common\Piper\ATCChatter_Filtered\ATC_Traffic_ryan_a58e23b679b8a7da.wav"
"Traffic","Can we hurry this up please, officer?","$npc_name_decorate:#name=Martin Wittek;","Journal.2026-06-13T211126.01.log","semaine.onnx","C:\Thrustmaster\Common\Piper\ATCChatter\ATC_Traffic_semaine_1d8cd30b894df6f2.wav","C:\Thrustmaster\Common\Piper\ATCChatter_Filtered\ATC_Traffic_semaine_1d8cd30b894df6f2.wav"
"Traffic","What's going on here, officer?","$npc_name_decorate:#name=Ziggy;","Journal.2026-06-13T201903.01.log","john.onnx","C:\Thrustmaster\Common\Piper\ATCChatter\ATC_Traffic_john_541817f1f2034aec.wav","C:\Thrustmaster\Common\Piper\ATCChatter_Filtered\ATC_Traffic_john_541817f1f2034aec.wav"
"Traffic","What's going on here, officer?","$npc_name_decorate:#name=Ziggy;","Journal.2026-06-13T201903.01.log","kristin.onnx","C:\Thrustmaster\Common\Piper\ATCChatter\ATC_Traffic_kristin_b30c615aa5e12dbc.wav","C:\Thrustmaster\Common\Piper\ATCChatter_Filtered\ATC_Traffic_kristin_b30c615aa5e12dbc.wav"
"Traffic","What's going on here, officer?","$npc_name_decorate:#name=Ziggy;","Journal.2026-06-13T201903.01.log","kusal.onnx","C:\Thrustmaster\Common\Piper\ATCChatter\ATC_Traffic_kusal_459b001d96304ce2.wav","C:\Thrustmaster\Common\Piper\ATCChatter_Filtered\ATC_Traffic_kusal_459b001d96304ce2.wav"
"Traffic","What's going on here, officer?","$npc_name_decorate:#name=Ziggy;","Journal.2026-06-13T201903.01.log","lessac.onnx","C:\Thrustmaster\Common\Piper\ATCChatter\ATC_Traffic_lessac_f430b739f08a686e.wav","C:\Thrustmaster\Common\Piper\ATCChatter_Filtered\ATC_Traffic_lessac_f430b739f08a686e.wav"
"Traffic","What's going on here, officer?","$npc_name_decorate:#name=Ziggy;","Journal.2026-06-13T201903.01.log","michelle.onnx","C:\Thrustmaster\Common\Piper\ATCChatter\ATC_Traffic_michelle_c68eac63b3a3e0ae.wav","C:\Thrustmaster\Common\Piper\ATCChatter_Filtered\ATC_Traffic_michelle_c68eac63b3a3e0ae.wav"
"Traffic","What's going on here, officer?","$npc_name_decorate:#name=Ziggy;","Journal.2026-06-13T201903.01.log","norman.onnx","C:\Thrustmaster\Common\Piper\ATCChatter\ATC_Traffic_norman_7a536fc08fa78b99.wav","C:\Thrustmaster\Common\Piper\ATCChatter_Filtered\ATC_Traffic_norman_7a536fc08fa78b99.wav"
"Traffic","What's going on here, officer?","$npc_name_decorate:#name=Ziggy;","Journal.2026-06-13T201903.01.log","ryan.onnx","C:\Thrustmaster\Common\Piper\ATCChatter\ATC_Traffic_ryan_3a1fa97ed968f170.wav","C:\Thrustmaster\Common\Piper\ATCChatter_Filtered\ATC_Traffic_ryan_3a1fa97ed968f170.wav"
"Traffic","What's going on here, officer?","$npc_name_decorate:#name=Ziggy;","Journal.2026-06-13T201903.01.log","semaine.onnx","C:\Thrustmaster\Common\Piper\ATCChatter\ATC_Traffic_semaine_a080571976e067c8.wav","C:\Thrustmaster\Common\Piper\ATCChatter_Filtered\ATC_Traffic_semaine_a080571976e067c8.wav"
"Traffic","Is there a problem here, officer?","$npc_name_decorate:#name=Csaba;","Journal.2026-06-13T211126.01.log","john.onnx","C:\Thrustmaster\Common\Piper\ATCChatter\ATC_Traffic_john_43ce32f9df23ec1c.wav","C:\Thrustmaster\Common\Piper\ATCChatter_Filtered\ATC_Traffic_john_43ce32f9df23ec1c.wav"
"Traffic","Is there a problem here, officer?","$npc_name_decorate:#name=Csaba;","Journal.2026-06-13T211126.01.log","kristin.onnx","C:\Thrustmaster\Common\Piper\ATCChatter\ATC_Traffic_kristin_f4976589f4d37c67.wav","C:\Thrustmaster\Common\Piper\ATCChatter_Filtered\ATC_Traffic_kristin_f4976589f4d37c67.wav"
"Traffic","Is there a problem here, officer?","$npc_name_decorate:#name=Csaba;","Journal.2026-06-13T211126.01.log","kusal.onnx","C:\Thrustmaster\Common\Piper\ATCChatter\ATC_Traffic_kusal_36033540dc02f689.wav","C:\Thrustmaster\Common\Piper\ATCChatter_Filtered\ATC_Traffic_kusal_36033540dc02f689.wav"
"Traffic","Is there a problem here, officer?","$npc_name_decorate:#name=Csaba;","Journal.2026-06-13T211126.01.log","lessac.onnx","C:\Thrustmaster\Common\Piper\ATCChatter\ATC_Traffic_lessac_5d981a9125e2e384.wav","C:\Thrustmaster\Common\Piper\ATCChatter_Filtered\ATC_Traffic_lessac_5d981a9125e2e384.wav"
"Traffic","Is there a problem here, officer?","$npc_name_decorate:#name=Csaba;","Journal.2026-06-13T211126.01.log","michelle.onnx","C:\Thrustmaster\Common\Piper\ATCChatter\ATC_Traffic_michelle_5474431f0919a4ee.wav","C:\Thrustmaster\Common\Piper\ATCChatter_Filtered\ATC_Traffic_michelle_5474431f0919a4ee.wav"
"Traffic","Is there a problem here, officer?","$npc_name_decorate:#name=Csaba;","Journal.2026-06-13T211126.01.log","norman.onnx","C:\Thrustmaster\Common\Piper\ATCChatter\ATC_Traffic_norman_118ed28b3c9106eb.wav","C:\Thrustmaster\Common\Piper\ATCChatter_Filtered\ATC_Traffic_norman_118ed28b3c9106eb.wav"
"Traffic","Is there a problem here, officer?","$npc_name_decorate:#name=Csaba;","Journal.2026-06-13T211126.01.log","ryan.onnx","C:\Thrustmaster\Common\Piper\ATCChatter\ATC_Traffic_ryan_6a5a897f398e9d90.wav","C:\Thrustmaster\Common\Piper\ATCChatter_Filtered\ATC_Traffic_ryan_6a5a897f398e9d90.wav"
"Traffic","Is there a problem here, officer?","$npc_name_decorate:#name=Csaba;","Journal.2026-06-13T211126.01.log","semaine.onnx","C:\Thrustmaster\Common\Piper\ATCChatter\ATC_Traffic_semaine_7e11b05cbc6bae94.wav","C:\Thrustmaster\Common\Piper\ATCChatter_Filtered\ATC_Traffic_semaine_7e11b05cbc6bae94.wav"
"Traffic","I don't believe it!","$npc_name_decorate:#name=M. Boesen;","Journal.2026-06-13T211126.01.log","john.onnx","C:\Thrustmaster\Common\Piper\ATCChatter\ATC_Traffic_john_5a7293a4e64ed50f.wav","C:\Thrustmaster\Common\Piper\ATCChatter_Filtered\ATC_Traffic_john_5a7293a4e64ed50f.wav"
"Traffic","I don't believe it!","$npc_name_decorate:#name=M. Boesen;","Journal.2026-06-13T211126.01.log","kristin.onnx","C:\Thrustmaster\Common\Piper\ATCChatter\ATC_Traffic_kristin_177615759c7304f0.wav","C:\Thrustmaster\Common\Piper\ATCChatter_Filtered\ATC_Traffic_kristin_177615759c7304f0.wav"
"Traffic","I don't believe it!","$npc_name_decorate:#name=M. Boesen;","Journal.2026-06-13T211126.01.log","kusal.onnx","C:\Thrustmaster\Common\Piper\ATCChatter\ATC_Traffic_kusal_3f892d8bd39ff201.wav","C:\Thrustmaster\Common\Piper\ATCChatter_Filtered\ATC_Traffic_kusal_3f892d8bd39ff201.wav"
"Traffic","I don't believe it!","$npc_name_decorate:#name=M. Boesen;","Journal.2026-06-13T211126.01.log","lessac.onnx","C:\Thrustmaster\Common\Piper\ATCChatter\ATC_Traffic_lessac_b216cba30c2df793.wav","C:\Thrustmaster\Common\Piper\ATCChatter_Filtered\ATC_Traffic_lessac_b216cba30c2df793.wav"
"Traffic","I don't believe it!","$npc_name_decorate:#name=M. Boesen;","Journal.2026-06-13T211126.01.log","michelle.onnx","C:\Thrustmaster\Common\Piper\ATCChatter\ATC_Traffic_michelle_642145356c543652.wav","C:\Thrustmaster\Common\Piper\ATCChatter_Filtered\ATC_Traffic_michelle_642145356c543652.wav"
"Traffic","I don't believe it!","$npc_name_decorate:#name=M. Boesen;","Journal.2026-06-13T211126.01.log","norman.onnx","C:\Thrustmaster\Common\Piper\ATCChatter\ATC_Traffic_norman_39e451b8be9a4a23.wav","C:\Thrustmaster\Common\Piper\ATCChatter_Filtered\ATC_Traffic_norman_39e451b8be9a4a23.wav"
"Traffic","I don't believe it!","$npc_name_decorate:#name=M. Boesen;","Journal.2026-06-13T211126.01.log","ryan.onnx","C:\Thrustmaster\Common\Piper\ATCChatter\ATC_Traffic_ryan_129e39fcfb957cc8.wav","C:\Thrustmaster\Common\Piper\ATCChatter_Filtered\ATC_Traffic_ryan_129e39fcfb957cc8.wav"
"Traffic","I don't believe it!","$npc_name_decorate:#name=M. Boesen;","Journal.2026-06-13T211126.01.log","semaine.onnx","C:\Thrustmaster\Common\Piper\ATCChatter\ATC_Traffic_semaine_10bd2d568e872b09.wav","C:\Thrustmaster\Common\Piper\ATCChatter_Filtered\ATC_Traffic_semaine_10bd2d568e872b09.wav"
"Station","Loitering infraction detected, clear pad approach immediately to avoid lethal response","Orbital Construction Site: The Kennel","Journal.2026-06-13T211126.01.log","alan.onnx","C:\Thrustmaster\Common\Piper\ATCChatter\ATC_Station_alan_49d57fc772816f71.wav","C:\Thrustmaster\Common\Piper\ATCChatter_Filtered\ATC_Station_alan_49d57fc772816f71.wav"
"Station","Loitering infraction detected, clear pad approach immediately to avoid lethal response","Orbital Construction Site: The Kennel","Journal.2026-06-13T211126.01.log","alba.onnx","C:\Thrustmaster\Common\Piper\ATCChatter\ATC_Station_alba_4a4c194a81ab0c57.wav","C:\Thrustmaster\Common\Piper\ATCChatter_Filtered\ATC_Station_alba_4a4c194a81ab0c57.wav"
"Station","Loitering infraction detected, clear pad approach immediately to avoid lethal response","Orbital Construction Site: The Kennel","Journal.2026-06-13T211126.01.log","amy.onnx","C:\Thrustmaster\Common\Piper\ATCChatter\ATC_Station_amy_4af75a1de192d4b4.wav","C:\Thrustmaster\Common\Piper\ATCChatter_Filtered\ATC_Station_amy_4af75a1de192d4b4.wav"
"Station","Loitering infraction detected, clear pad approach immediately to avoid lethal response","Orbital Construction Site: The Kennel","Journal.2026-06-13T211126.01.log","aru.onnx","C:\Thrustmaster\Common\Piper\ATCChatter\ATC_Station_aru_1a43cb3ad766cffc.wav","C:\Thrustmaster\Common\Piper\ATCChatter_Filtered\ATC_Station_aru_1a43cb3ad766cffc.wav"
"Station","Loitering infraction detected, clear pad approach immediately to avoid lethal response","Orbital Construction Site: The Kennel","Journal.2026-06-13T211126.01.log","barbera.onnx","C:\Thrustmaster\Common\Piper\ATCChatter\ATC_Station_barbera_39977f9019cdbfef.wav","C:\Thrustmaster\Common\Piper\ATCChatter_Filtered\ATC_Station_barbera_39977f9019cdbfef.wav"
"Station","Loitering infraction detected, clear pad approach immediately to avoid lethal response","Orbital Construction Site: The Kennel","Journal.2026-06-13T211126.01.log","bill.onnx","C:\Thrustmaster\Common\Piper\ATCChatter\ATC_Station_bill_557431055073c2d0.wav","C:\Thrustmaster\Common\Piper\ATCChatter_Filtered\ATC_Station_bill_557431055073c2d0.wav"
"Station","Loitering infraction detected, clear pad approach immediately to avoid lethal response","Orbital Construction Site: The Kennel","Journal.2026-06-13T211126.01.log","bob.onnx","C:\Thrustmaster\Common\Piper\ATCChatter\ATC_Station_bob_3244399588c04c7c.wav","C:\Thrustmaster\Common\Piper\ATCChatter_Filtered\ATC_Station_bob_3244399588c04c7c.wav"
"Station","Loitering infraction detected, clear pad approach immediately to avoid lethal response","Orbital Construction Site: The Kennel","Journal.2026-06-13T211126.01.log","bryce.onnx","C:\Thrustmaster\Common\Piper\ATCChatter\ATC_Station_bryce_2e85855fe1584361.wav","C:\Thrustmaster\Common\Piper\ATCChatter_Filtered\ATC_Station_bryce_2e85855fe1584361.wav"
"Station","Ensure to observe starport protocol during your visit, pilot.","CLICKER'S FOLLY X7X-08Z","Journal.2026-06-13T211126.01.log","alan.onnx","C:\Thrustmaster\Common\Piper\ATCChatter\ATC_Station_alan_31beb92b4ca8c19b.wav","C:\Thrustmaster\Common\Piper\ATCChatter_Filtered\ATC_Station_alan_31beb92b4ca8c19b.wav"
"Station","Ensure to observe starport protocol during your visit, pilot.","CLICKER'S FOLLY X7X-08Z","Journal.2026-06-13T211126.01.log","alba.onnx","C:\Thrustmaster\Common\Piper\ATCChatter\ATC_Station_alba_e380828efddd3c02.wav","C:\Thrustmaster\Common\Piper\ATCChatter_Filtered\ATC_Station_alba_e380828efddd3c02.wav"
"Station","Ensure to observe starport protocol during your visit, pilot.","CLICKER'S FOLLY X7X-08Z","Journal.2026-06-13T211126.01.log","amy.onnx","C:\Thrustmaster\Common\Piper\ATCChatter\ATC_Station_amy_09a9695ea749ab68.wav","C:\Thrustmaster\Common\Piper\ATCChatter_Filtered\ATC_Station_amy_09a9695ea749ab68.wav"
"Station","Ensure to observe starport protocol during your visit, pilot.","CLICKER'S FOLLY X7X-08Z","Journal.2026-06-13T211126.01.log","aru.onnx","C:\Thrustmaster\Common\Piper\ATCChatter\ATC_Station_aru_021e96b2dc20ccdc.wav","C:\Thrustmaster\Common\Piper\ATCChatter_Filtered\ATC_Station_aru_021e96b2dc20ccdc.wav"
"Station","Ensure to observe starport protocol during your visit, pilot.","CLICKER'S FOLLY X7X-08Z","Journal.2026-06-13T211126.01.log","barbera.onnx","C:\Thrustmaster\Common\Piper\ATCChatter\ATC_Station_barbera_14970db7c67c3b34.wav","C:\Thrustmaster\Common\Piper\ATCChatter_Filtered\ATC_Station_barbera_14970db7c67c3b34.wav"
"Station","Ensure to observe starport protocol during your visit, pilot.","CLICKER'S FOLLY X7X-08Z","Journal.2026-06-13T211126.01.log","bill.onnx","C:\Thrustmaster\Common\Piper\ATCChatter\ATC_Station_bill_2f77aaffd2be9fc3.wav","C:\Thrustmaster\Common\Piper\ATCChatter_Filtered\ATC_Station_bill_2f77aaffd2be9fc3.wav"
"Station","Ensure to observe starport protocol during your visit, pilot.","CLICKER'S FOLLY X7X-08Z","Journal.2026-06-13T211126.01.log","bob.onnx","C:\Thrustmaster\Common\Piper\ATCChatter\ATC_Station_bob_f858c2ffebdf583d.wav","C:\Thrustmaster\Common\Piper\ATCChatter_Filtered\ATC_Station_bob_f858c2ffebdf583d.wav"
"Station","Ensure to observe starport protocol during your visit, pilot.","CLICKER'S FOLLY X7X-08Z","Journal.2026-06-13T211126.01.log","bryce.onnx","C:\Thrustmaster\Common\Piper\ATCChatter\ATC_Station_bryce_595762de5743a1e5.wav","C:\Thrustmaster\Common\Piper\ATCChatter_Filtered\ATC_Station_bryce_595762de5743a1e5.wav"
"Traffic","I was just looking for something to kill and look what turned up.","$npc_name_decorate:#name=M. Boesen;","Journal.2026-06-13T211126.01.log","john.onnx","C:\Thrustmaster\Common\Piper\ATCChatter\ATC_Traffic_john_6314bb7661b2abf4.wav","C:\Thrustmaster\Common\Piper\ATCChatter_Filtered\ATC_Traffic_john_6314bb7661b2abf4.wav"
"Traffic","I was just looking for something to kill and look what turned up.","$npc_name_decorate:#name=M. Boesen;","Journal.2026-06-13T211126.01.log","kristin.onnx","C:\Thrustmaster\Common\Piper\ATCChatter\ATC_Traffic_kristin_526e0440094b0800.wav","C:\Thrustmaster\Common\Piper\ATCChatter_Filtered\ATC_Traffic_kristin_526e0440094b0800.wav"
"Traffic","I was just looking for something to kill and look what turned up.","$npc_name_decorate:#name=M. Boesen;","Journal.2026-06-13T211126.01.log","kusal.onnx","C:\Thrustmaster\Common\Piper\ATCChatter\ATC_Traffic_kusal_d0119edd73c6b33d.wav","C:\Thrustmaster\Common\Piper\ATCChatter_Filtered\ATC_Traffic_kusal_d0119edd73c6b33d.wav"
"Traffic","I was just looking for something to kill and look what turned up.","$npc_name_decorate:#name=M. Boesen;","Journal.2026-06-13T211126.01.log","lessac.onnx","C:\Thrustmaster\Common\Piper\ATCChatter\ATC_Traffic_lessac_d05c3b230de6a079.wav","C:\Thrustmaster\Common\Piper\ATCChatter_Filtered\ATC_Traffic_lessac_d05c3b230de6a079.wav"
"Traffic","I was just looking for something to kill and look what turned up.","$npc_name_decorate:#name=M. Boesen;","Journal.2026-06-13T211126.01.log","michelle.onnx","C:\Thrustmaster\Common\Piper\ATCChatter\ATC_Traffic_michelle_73477e306559c2fb.wav","C:\Thrustmaster\Common\Piper\ATCChatter_Filtered\ATC_Traffic_michelle_73477e306559c2fb.wav"
"Traffic","I was just looking for something to kill and look what turned up.","$npc_name_decorate:#name=M. Boesen;","Journal.2026-06-13T211126.01.log","norman.onnx","C:\Thrustmaster\Common\Piper\ATCChatter\ATC_Traffic_norman_e5a41f4b683c19ba.wav","C:\Thrustmaster\Common\Piper\ATCChatter_Filtered\ATC_Traffic_norman_e5a41f4b683c19ba.wav"
"Traffic","I was just looking for something to kill and look what turned up.","$npc_name_decorate:#name=M. Boesen;","Journal.2026-06-13T211126.01.log","ryan.onnx","C:\Thrustmaster\Common\Piper\ATCChatter\ATC_Traffic_ryan_ac8629a1e3281036.wav","C:\Thrustmaster\Common\Piper\ATCChatter_Filtered\ATC_Traffic_ryan_ac8629a1e3281036.wav"
"Traffic","I was just looking for something to kill and look what turned up.","$npc_name_decorate:#name=M. Boesen;","Journal.2026-06-13T211126.01.log","semaine.onnx","C:\Thrustmaster\Common\Piper\ATCChatter\ATC_Traffic_semaine_97affc96a6dd5a40.wav","C:\Thrustmaster\Common\Piper\ATCChatter_Filtered\ATC_Traffic_semaine_97affc96a6dd5a40.wav"
"Traffic","You'll get no trouble from me, officer.","$npc_name_decorate:#name=J.R Mackley;","Journal.2026-06-13T211126.01.log","john.onnx","C:\Thrustmaster\Common\Piper\ATCChatter\ATC_Traffic_john_7877fecc76c750c1.wav","C:\Thrustmaster\Common\Piper\ATCChatter_Filtered\ATC_Traffic_john_7877fecc76c750c1.wav"
"Traffic","You'll get no trouble from me, officer.","$npc_name_decorate:#name=J.R Mackley;","Journal.2026-06-13T211126.01.log","kristin.onnx","C:\Thrustmaster\Common\Piper\ATCChatter\ATC_Traffic_kristin_3932af4cdedbc84d.wav","C:\Thrustmaster\Common\Piper\ATCChatter_Filtered\ATC_Traffic_kristin_3932af4cdedbc84d.wav"
"Traffic","You'll get no trouble from me, officer.","$npc_name_decorate:#name=J.R Mackley;","Journal.2026-06-13T211126.01.log","kusal.onnx","C:\Thrustmaster\Common\Piper\ATCChatter\ATC_Traffic_kusal_cfcbab5541bcf811.wav","C:\Thrustmaster\Common\Piper\ATCChatter_Filtered\ATC_Traffic_kusal_cfcbab5541bcf811.wav"
"Traffic","You'll get no trouble from me, officer.","$npc_name_decorate:#name=J.R Mackley;","Journal.2026-06-13T211126.01.log","lessac.onnx","C:\Thrustmaster\Common\Piper\ATCChatter\ATC_Traffic_lessac_15881eff5740fc69.wav","C:\Thrustmaster\Common\Piper\ATCChatter_Filtered\ATC_Traffic_lessac_15881eff5740fc69.wav"
"Traffic","You'll get no trouble from me, officer.","$npc_name_decorate:#name=J.R Mackley;","Journal.2026-06-13T211126.01.log","michelle.onnx","C:\Thrustmaster\Common\Piper\ATCChatter\ATC_Traffic_michelle_31f8b3f151a17d99.wav","C:\Thrustmaster\Common\Piper\ATCChatter_Filtered\ATC_Traffic_michelle_31f8b3f151a17d99.wav"
"Traffic","You'll get no trouble from me, officer.","$npc_name_decorate:#name=J.R Mackley;","Journal.2026-06-13T211126.01.log","norman.onnx","C:\Thrustmaster\Common\Piper\ATCChatter\ATC_Traffic_norman_cb2795a3969fa52d.wav","C:\Thrustmaster\Common\Piper\ATCChatter_Filtered\ATC_Traffic_norman_cb2795a3969fa52d.wav"
"Traffic","You'll get no trouble from me, officer.","$npc_name_decorate:#name=J.R Mackley;","Journal.2026-06-13T211126.01.log","ryan.onnx","C:\Thrustmaster\Common\Piper\ATCChatter\ATC_Traffic_ryan_3f658474de6261c4.wav","C:\Thrustmaster\Common\Piper\ATCChatter_Filtered\ATC_Traffic_ryan_3f658474de6261c4.wav"
"Traffic","You'll get no trouble from me, officer.","$npc_name_decorate:#name=J.R Mackley;","Journal.2026-06-13T211126.01.log","semaine.onnx","C:\Thrustmaster\Common\Piper\ATCChatter\ATC_Traffic_semaine_300cf0a5d2634bac.wav","C:\Thrustmaster\Common\Piper\ATCChatter_Filtered\ATC_Traffic_semaine_300cf0a5d2634bac.wav"
"Traffic","Passengers are advised that the gymnasium is currently closed due to equipment malfunction.","$npc_name_decorate:#name=Richard Feynman;","Journal.2026-06-13T211126.01.log","john.onnx","C:\Thrustmaster\Common\Piper\ATCChatter\ATC_Traffic_john_3abc40999ca75086.wav","C:\Thrustmaster\Common\Piper\ATCChatter_Filtered\ATC_Traffic_john_3abc40999ca75086.wav"
"Traffic","Passengers are advised that the gymnasium is currently closed due to equipment malfunction.","$npc_name_decorate:#name=Richard Feynman;","Journal.2026-06-13T211126.01.log","kristin.onnx","C:\Thrustmaster\Common\Piper\ATCChatter\ATC_Traffic_kristin_da7096d369d38b9c.wav","C:\Thrustmaster\Common\Piper\ATCChatter_Filtered\ATC_Traffic_kristin_da7096d369d38b9c.wav"
"Traffic","Passengers are advised that the gymnasium is currently closed due to equipment malfunction.","$npc_name_decorate:#name=Richard Feynman;","Journal.2026-06-13T211126.01.log","kusal.onnx","C:\Thrustmaster\Common\Piper\ATCChatter\ATC_Traffic_kusal_ced4f57b36e107d6.wav","C:\Thrustmaster\Common\Piper\ATCChatter_Filtered\ATC_Traffic_kusal_ced4f57b36e107d6.wav"
"Traffic","Passengers are advised that the gymnasium is currently closed due to equipment malfunction.","$npc_name_decorate:#name=Richard Feynman;","Journal.2026-06-13T211126.01.log","lessac.onnx","C:\Thrustmaster\Common\Piper\ATCChatter\ATC_Traffic_lessac_2c3022eb162e7fe2.wav","C:\Thrustmaster\Common\Piper\ATCChatter_Filtered\ATC_Traffic_lessac_2c3022eb162e7fe2.wav"
"Traffic","Passengers are advised that the gymnasium is currently closed due to equipment malfunction.","$npc_name_decorate:#name=Richard Feynman;","Journal.2026-06-13T211126.01.log","michelle.onnx","C:\Thrustmaster\Common\Piper\ATCChatter\ATC_Traffic_michelle_2ced020fc2c7e597.wav","C:\Thrustmaster\Common\Piper\ATCChatter_Filtered\ATC_Traffic_michelle_2ced020fc2c7e597.wav"
"Traffic","Passengers are advised that the gymnasium is currently closed due to equipment malfunction.","$npc_name_decorate:#name=Richard Feynman;","Journal.2026-06-13T211126.01.log","norman.onnx","C:\Thrustmaster\Common\Piper\ATCChatter\ATC_Traffic_norman_e4373335ef90e858.wav","C:\Thrustmaster\Common\Piper\ATCChatter_Filtered\ATC_Traffic_norman_e4373335ef90e858.wav"
"Traffic","Passengers are advised that the gymnasium is currently closed due to equipment malfunction.","$npc_name_decorate:#name=Richard Feynman;","Journal.2026-06-13T211126.01.log","ryan.onnx","C:\Thrustmaster\Common\Piper\ATCChatter\ATC_Traffic_ryan_ccd4991a98a1dd51.wav","C:\Thrustmaster\Common\Piper\ATCChatter_Filtered\ATC_Traffic_ryan_ccd4991a98a1dd51.wav"
"Traffic","Passengers are advised that the gymnasium is currently closed due to equipment malfunction.","$npc_name_decorate:#name=Richard Feynman;","Journal.2026-06-13T211126.01.log","semaine.onnx","C:\Thrustmaster\Common\Piper\ATCChatter\ATC_Traffic_semaine_8e8e890c2c68119b.wav","C:\Thrustmaster\Common\Piper\ATCChatter_Filtered\ATC_Traffic_semaine_8e8e890c2c68119b.wav"
"Traffic","Starport infractions cleared, docking privileges restored.","Orbital Construction Site: The Kennel","Journal.2026-06-13T211126.01.log","john.onnx","C:\Thrustmaster\Common\Piper\ATCChatter\ATC_Traffic_john_99006bc934120c58.wav","C:\Thrustmaster\Common\Piper\ATCChatter_Filtered\ATC_Traffic_john_99006bc934120c58.wav"
"Traffic","Starport infractions cleared, docking privileges restored.","Orbital Construction Site: The Kennel","Journal.2026-06-13T211126.01.log","kristin.onnx","C:\Thrustmaster\Common\Piper\ATCChatter\ATC_Traffic_kristin_0c40724aa1f009cd.wav","C:\Thrustmaster\Common\Piper\ATCChatter_Filtered\ATC_Traffic_kristin_0c40724aa1f009cd.wav"
"Traffic","Starport infractions cleared, docking privileges restored.","Orbital Construction Site: The Kennel","Journal.2026-06-13T211126.01.log","kusal.onnx","C:\Thrustmaster\Common\Piper\ATCChatter\ATC_Traffic_kusal_d4bf5e4ee2ba1308.wav","C:\Thrustmaster\Common\Piper\ATCChatter_Filtered\ATC_Traffic_kusal_d4bf5e4ee2ba1308.wav"
"Traffic","Starport infractions cleared, docking privileges restored.","Orbital Construction Site: The Kennel","Journal.2026-06-13T211126.01.log","lessac.onnx","C:\Thrustmaster\Common\Piper\ATCChatter\ATC_Traffic_lessac_836b50e4daa0558a.wav","C:\Thrustmaster\Common\Piper\ATCChatter_Filtered\ATC_Traffic_lessac_836b50e4daa0558a.wav"
"Traffic","Starport infractions cleared, docking privileges restored.","Orbital Construction Site: The Kennel","Journal.2026-06-13T211126.01.log","michelle.onnx","C:\Thrustmaster\Common\Piper\ATCChatter\ATC_Traffic_michelle_574206be4497bfb5.wav","C:\Thrustmaster\Common\Piper\ATCChatter_Filtered\ATC_Traffic_michelle_574206be4497bfb5.wav"
"Traffic","Starport infractions cleared, docking privileges restored.","Orbital Construction Site: The Kennel","Journal.2026-06-13T211126.01.log","norman.onnx","C:\Thrustmaster\Common\Piper\ATCChatter\ATC_Traffic_norman_58c6ca70f8c8c3cb.wav","C:\Thrustmaster\Common\Piper\ATCChatter_Filtered\ATC_Traffic_norman_58c6ca70f8c8c3cb.wav"
"Traffic","Starport infractions cleared, docking privileges restored.","Orbital Construction Site: The Kennel","Journal.2026-06-13T211126.01.log","ryan.onnx","C:\Thrustmaster\Common\Piper\ATCChatter\ATC_Traffic_ryan_addade1062447f8c.wav","C:\Thrustmaster\Common\Piper\ATCChatter_Filtered\ATC_Traffic_ryan_addade1062447f8c.wav"
"Traffic","Starport infractions cleared, docking privileges restored.","Orbital Construction Site: The Kennel","Journal.2026-06-13T211126.01.log","semaine.onnx","C:\Thrustmaster\Common\Piper\ATCChatter\ATC_Traffic_semaine_5afddf667f1f9857.wav","C:\Thrustmaster\Common\Piper\ATCChatter_Filtered\ATC_Traffic_semaine_5afddf667f1f9857.wav"
"Traffic","I'm a bit rushed for time, so if you could just drop whatever you have...","$npc_name_decorate:#name=Rachel Tunnicliffe;","Journal.2026-06-13T201903.01.log","john.onnx","C:\Thrustmaster\Common\Piper\ATCChatter\ATC_Traffic_john_09ce20ee8f42d784.wav","C:\Thrustmaster\Common\Piper\ATCChatter_Filtered\ATC_Traffic_john_09ce20ee8f42d784.wav"
"Traffic","I'm a bit rushed for time, so if you could just drop whatever you have...","$npc_name_decorate:#name=Rachel Tunnicliffe;","Journal.2026-06-13T201903.01.log","kristin.onnx","C:\Thrustmaster\Common\Piper\ATCChatter\ATC_Traffic_kristin_48472d51edd9c094.wav","C:\Thrustmaster\Common\Piper\ATCChatter_Filtered\ATC_Traffic_kristin_48472d51edd9c094.wav"
"Traffic","I'm a bit rushed for time, so if you could just drop whatever you have...","$npc_name_decorate:#name=Rachel Tunnicliffe;","Journal.2026-06-13T201903.01.log","kusal.onnx","C:\Thrustmaster\Common\Piper\ATCChatter\ATC_Traffic_kusal_d3c08aa28d11b791.wav","C:\Thrustmaster\Common\Piper\ATCChatter_Filtered\ATC_Traffic_kusal_d3c08aa28d11b791.wav"
"Traffic","I'm a bit rushed for time, so if you could just drop whatever you have...","$npc_name_decorate:#name=Rachel Tunnicliffe;","Journal.2026-06-13T201903.01.log","lessac.onnx","C:\Thrustmaster\Common\Piper\ATCChatter\ATC_Traffic_lessac_f39730af402433c7.wav","C:\Thrustmaster\Common\Piper\ATCChatter_Filtered\ATC_Traffic_lessac_f39730af402433c7.wav"
"Traffic","I'm a bit rushed for time, so if you could just drop whatever you have...","$npc_name_decorate:#name=Rachel Tunnicliffe;","Journal.2026-06-13T201903.01.log","michelle.onnx","C:\Thrustmaster\Common\Piper\ATCChatter\ATC_Traffic_michelle_200e9bd833dfc82f.wav","C:\Thrustmaster\Common\Piper\ATCChatter_Filtered\ATC_Traffic_michelle_200e9bd833dfc82f.wav"
"Traffic","I'm a bit rushed for time, so if you could just drop whatever you have...","$npc_name_decorate:#name=Rachel Tunnicliffe;","Journal.2026-06-13T201903.01.log","norman.onnx","C:\Thrustmaster\Common\Piper\ATCChatter\ATC_Traffic_norman_95313ca78c79cecf.wav","C:\Thrustmaster\Common\Piper\ATCChatter_Filtered\ATC_Traffic_norman_95313ca78c79cecf.wav"
"Traffic","I'm a bit rushed for time, so if you could just drop whatever you have...","$npc_name_decorate:#name=Rachel Tunnicliffe;","Journal.2026-06-13T201903.01.log","ryan.onnx","C:\Thrustmaster\Common\Piper\ATCChatter\ATC_Traffic_ryan_8f453a0d1fa92ea6.wav","C:\Thrustmaster\Common\Piper\ATCChatter_Filtered\ATC_Traffic_ryan_8f453a0d1fa92ea6.wav"
"Traffic","I'm a bit rushed for time, so if you could just drop whatever you have...","$npc_name_decorate:#name=Rachel Tunnicliffe;","Journal.2026-06-13T201903.01.log","semaine.onnx","C:\Thrustmaster\Common\Piper\ATCChatter\ATC_Traffic_semaine_56f0e2507db8a1ff.wav","C:\Thrustmaster\Common\Piper\ATCChatter_Filtered\ATC_Traffic_semaine_56f0e2507db8a1ff.wav"
"Traffic","I should remember to take some pictures, exploring isn't just about the data!","$npc_name_decorate:#name=Bob Hardman;","Journal.2026-06-13T201903.01.log","john.onnx","C:\Thrustmaster\Common\Piper\ATCChatter\ATC_Traffic_john_fc9afab1c0cd1998.wav","C:\Thrustmaster\Common\Piper\ATCChatter_Filtered\ATC_Traffic_john_fc9afab1c0cd1998.wav"
"Traffic","I should remember to take some pictures, exploring isn't just about the data!","$npc_name_decorate:#name=Bob Hardman;","Journal.2026-06-13T201903.01.log","kristin.onnx","C:\Thrustmaster\Common\Piper\ATCChatter\ATC_Traffic_kristin_f9ab27b6ad5623fe.wav","C:\Thrustmaster\Common\Piper\ATCChatter_Filtered\ATC_Traffic_kristin_f9ab27b6ad5623fe.wav"
"Traffic","I should remember to take some pictures, exploring isn't just about the data!","$npc_name_decorate:#name=Bob Hardman;","Journal.2026-06-13T201903.01.log","kusal.onnx","C:\Thrustmaster\Common\Piper\ATCChatter\ATC_Traffic_kusal_771dc133ecf580c3.wav","C:\Thrustmaster\Common\Piper\ATCChatter_Filtered\ATC_Traffic_kusal_771dc133ecf580c3.wav"
"Traffic","I should remember to take some pictures, exploring isn't just about the data!","$npc_name_decorate:#name=Bob Hardman;","Journal.2026-06-13T201903.01.log","lessac.onnx","C:\Thrustmaster\Common\Piper\ATCChatter\ATC_Traffic_lessac_1c6d16f5cb78c261.wav","C:\Thrustmaster\Common\Piper\ATCChatter_Filtered\ATC_Traffic_lessac_1c6d16f5cb78c261.wav"
"Traffic","I should remember to take some pictures, exploring isn't just about the data!","$npc_name_decorate:#name=Bob Hardman;","Journal.2026-06-13T201903.01.log","michelle.onnx","C:\Thrustmaster\Common\Piper\ATCChatter\ATC_Traffic_michelle_dce93c264bc3f2da.wav","C:\Thrustmaster\Common\Piper\ATCChatter_Filtered\ATC_Traffic_michelle_dce93c264bc3f2da.wav"
"Traffic","I should remember to take some pictures, exploring isn't just about the data!","$npc_name_decorate:#name=Bob Hardman;","Journal.2026-06-13T201903.01.log","norman.onnx","C:\Thrustmaster\Common\Piper\ATCChatter\ATC_Traffic_norman_e08c720565808a61.wav","C:\Thrustmaster\Common\Piper\ATCChatter_Filtered\ATC_Traffic_norman_e08c720565808a61.wav"
"Traffic","I should remember to take some pictures, exploring isn't just about the data!","$npc_name_decorate:#name=Bob Hardman;","Journal.2026-06-13T201903.01.log","ryan.onnx","C:\Thrustmaster\Common\Piper\ATCChatter\ATC_Traffic_ryan_c1eed444af989a5d.wav","C:\Thrustmaster\Common\Piper\ATCChatter_Filtered\ATC_Traffic_ryan_c1eed444af989a5d.wav"
"Traffic","I should remember to take some pictures, exploring isn't just about the data!","$npc_name_decorate:#name=Bob Hardman;","Journal.2026-06-13T201903.01.log","semaine.onnx","C:\Thrustmaster\Common\Piper\ATCChatter\ATC_Traffic_semaine_2661591a62686d6a.wav","C:\Thrustmaster\Common\Piper\ATCChatter_Filtered\ATC_Traffic_semaine_2661591a62686d6a.wav"
"Traffic","On what grounds are you scanning this vessel, officer?","$npc_name_decorate:#name=Sabrestar;","Journal.2026-06-13T211126.01.log","john.onnx","C:\Thrustmaster\Common\Piper\ATCChatter\ATC_Traffic_john_ced354d35e614610.wav","C:\Thrustmaster\Common\Piper\ATCChatter_Filtered\ATC_Traffic_john_ced354d35e614610.wav"
"Traffic","On what grounds are you scanning this vessel, officer?","$npc_name_decorate:#name=Sabrestar;","Journal.2026-06-13T211126.01.log","kristin.onnx","C:\Thrustmaster\Common\Piper\ATCChatter\ATC_Traffic_kristin_ae68cd946fe4296b.wav","C:\Thrustmaster\Common\Piper\ATCChatter_Filtered\ATC_Traffic_kristin_ae68cd946fe4296b.wav"
"Traffic","On what grounds are you scanning this vessel, officer?","$npc_name_decorate:#name=Sabrestar;","Journal.2026-06-13T211126.01.log","kusal.onnx","C:\Thrustmaster\Common\Piper\ATCChatter\ATC_Traffic_kusal_4110f8b13a521b1e.wav","C:\Thrustmaster\Common\Piper\ATCChatter_Filtered\ATC_Traffic_kusal_4110f8b13a521b1e.wav"
"Traffic","On what grounds are you scanning this vessel, officer?","$npc_name_decorate:#name=Sabrestar;","Journal.2026-06-13T211126.01.log","lessac.onnx","C:\Thrustmaster\Common\Piper\ATCChatter\ATC_Traffic_lessac_d03a3043f2c55f86.wav","C:\Thrustmaster\Common\Piper\ATCChatter_Filtered\ATC_Traffic_lessac_d03a3043f2c55f86.wav"
"Traffic","On what grounds are you scanning this vessel, officer?","$npc_name_decorate:#name=Sabrestar;","Journal.2026-06-13T211126.01.log","michelle.onnx","C:\Thrustmaster\Common\Piper\ATCChatter\ATC_Traffic_michelle_13a0357214f94950.wav","C:\Thrustmaster\Common\Piper\ATCChatter_Filtered\ATC_Traffic_michelle_13a0357214f94950.wav"
"Traffic","On what grounds are you scanning this vessel, officer?","$npc_name_decorate:#name=Sabrestar;","Journal.2026-06-13T211126.01.log","norman.onnx","C:\Thrustmaster\Common\Piper\ATCChatter\ATC_Traffic_norman_2b1788a19bf3f047.wav","C:\Thrustmaster\Common\Piper\ATCChatter_Filtered\ATC_Traffic_norman_2b1788a19bf3f047.wav"
"Traffic","On what grounds are you scanning this vessel, officer?","$npc_name_decorate:#name=Sabrestar;","Journal.2026-06-13T211126.01.log","ryan.onnx","C:\Thrustmaster\Common\Piper\ATCChatter\ATC_Traffic_ryan_014ebc5b016a1e36.wav","C:\Thrustmaster\Common\Piper\ATCChatter_Filtered\ATC_Traffic_ryan_014ebc5b016a1e36.wav"
"Traffic","On what grounds are you scanning this vessel, officer?","$npc_name_decorate:#name=Sabrestar;","Journal.2026-06-13T211126.01.log","semaine.onnx","C:\Thrustmaster\Common\Piper\ATCChatter\ATC_Traffic_semaine_4f5d240db4d0833f.wav","C:\Thrustmaster\Common\Piper\ATCChatter_Filtered\ATC_Traffic_semaine_4f5d240db4d0833f.wav"
"Traffic","Will this take long? I've got a schedule to keep.","$npc_name_decorate:#name=Mike Overhill-Smith;","Journal.2026-06-13T211126.01.log","john.onnx","C:\Thrustmaster\Common\Piper\ATCChatter\ATC_Traffic_john_002718388d78237b.wav","C:\Thrustmaster\Common\Piper\ATCChatter_Filtered\ATC_Traffic_john_002718388d78237b.wav"
"Traffic","Will this take long? I've got a schedule to keep.","$npc_name_decorate:#name=Mike Overhill-Smith;","Journal.2026-06-13T211126.01.log","kristin.onnx","C:\Thrustmaster\Common\Piper\ATCChatter\ATC_Traffic_kristin_bf1d0b5340a270a7.wav","C:\Thrustmaster\Common\Piper\ATCChatter_Filtered\ATC_Traffic_kristin_bf1d0b5340a270a7.wav"
"Traffic","Will this take long? I've got a schedule to keep.","$npc_name_decorate:#name=Mike Overhill-Smith;","Journal.2026-06-13T211126.01.log","kusal.onnx","C:\Thrustmaster\Common\Piper\ATCChatter\ATC_Traffic_kusal_ec89bc9886042203.wav","C:\Thrustmaster\Common\Piper\ATCChatter_Filtered\ATC_Traffic_kusal_ec89bc9886042203.wav"
"Traffic","Will this take long? I've got a schedule to keep.","$npc_name_decorate:#name=Mike Overhill-Smith;","Journal.2026-06-13T211126.01.log","lessac.onnx","C:\Thrustmaster\Common\Piper\ATCChatter\ATC_Traffic_lessac_77a822aef23c9c10.wav","C:\Thrustmaster\Common\Piper\ATCChatter_Filtered\ATC_Traffic_lessac_77a822aef23c9c10.wav"
"Traffic","Will this take long? I've got a schedule to keep.","$npc_name_decorate:#name=Mike Overhill-Smith;","Journal.2026-06-13T211126.01.log","michelle.onnx","C:\Thrustmaster\Common\Piper\ATCChatter\ATC_Traffic_michelle_fa6afb8c335dd8f6.wav","C:\Thrustmaster\Common\Piper\ATCChatter_Filtered\ATC_Traffic_michelle_fa6afb8c335dd8f6.wav"
"Traffic","Will this take long? I've got a schedule to keep.","$npc_name_decorate:#name=Mike Overhill-Smith;","Journal.2026-06-13T211126.01.log","norman.onnx","C:\Thrustmaster\Common\Piper\ATCChatter\ATC_Traffic_norman_a6ff5f946b3e977e.wav","C:\Thrustmaster\Common\Piper\ATCChatter_Filtered\ATC_Traffic_norman_a6ff5f946b3e977e.wav"
"Traffic","Will this take long? I've got a schedule to keep.","$npc_name_decorate:#name=Mike Overhill-Smith;","Journal.2026-06-13T211126.01.log","ryan.onnx","C:\Thrustmaster\Common\Piper\ATCChatter\ATC_Traffic_ryan_06339e7235545846.wav","C:\Thrustmaster\Common\Piper\ATCChatter_Filtered\ATC_Traffic_ryan_06339e7235545846.wav"
"Traffic","Will this take long? I've got a schedule to keep.","$npc_name_decorate:#name=Mike Overhill-Smith;","Journal.2026-06-13T211126.01.log","semaine.onnx","C:\Thrustmaster\Common\Piper\ATCChatter\ATC_Traffic_semaine_f1a7a6bc25845d8b.wav","C:\Thrustmaster\Common\Piper\ATCChatter_Filtered\ATC_Traffic_semaine_f1a7a6bc25845d8b.wav"
